0,1,2,3,4,5,6,7,Gender,MaritalStatus,HomeOwnerFlag,NumberCarsOwned,NumberChildrenAtHome,TotalChildren,YearlyIncome,Age
0,0,0,0,1,0,0,0,0,1,0,0.435782878,-0.65670996,1.77531115,0.218933913,1.47211622
0,0,0,0,0,0,0,1,1,0,1,0.435782878,0.661123646,1.181248617,0.550936354,-0.218703653
1,0,0,0,1,0,0,0,0,0,1,0.435782878,-0.65670996,1.181248617,0.648066066,2.451011936
1,0,0,0,0,0,0,1,1,0,1,-1.320246198,-0.65670996,1.181248617,1.231246948,0.315239465
0,1,0,0,0,1,0,0,0,0,1,-0.44223166,0.661123646,-0.006876451,-1.418054019,-0.307694173
0,0,1,0,0,0,0,0,0,0,1,-0.44223166,-0.65670996,-0.600938985,-0.849593572,0.404229984
0,0,0,0,0,0,0,1,1,1,1,0.435782878,0.661123646,1.181248617,-0.013296686,-0.218703653
0,0,0,0,0,0,1,0,1,0,1,1.313797416,1.978957252,1.181248617,0.533146015,-0.218703653
0,0,0,1,0,1,0,0,1,1,1,-0.44223166,1.978957252,1.181248617,-1.628266873,-0.396684692
0,0,0,0,0,0,0,1,0,0,1,-0.44223166,0.002206843,-0.600938985,-0.804375413,-1.01961833
0,1,0,0,0,0,1,0,0,1,1,-0.44223166,0.002206843,-0.006876451,0.456574587,0.582211023
0,0,1,0,0,0,1,0,0,0,1,0.435782878,-0.65670996,0.587186083,-0.01364897,0.493220504
0,1,0,0,0,0,0,1,1,0,1,0.435782878,-0.65670996,-0.006876451,-0.656843936,0.493220504
0,1,0,0,0,0,1,0,0,0,1,0.435782878,-0.65670996,1.181248617,-0.434125003,1.116154141
0,0,1,0,0,0,0,1,0,1,1,-0.44223166,-0.65670996,-1.195001519,-1.039625589,-1.553561448
1,0,0,0,0,0,1,0,0,0,1,-1.320246198,-0.65670996,-1.195001519,0.206704628,-0.396684692
1,0,0,0,0,0,0,1,1,0,1,-1.320246198,-0.65670996,1.181248617,0.891469098,0.226248945
0,0,0,1,0,0,0,1,1,1,1,0.435782878,-0.65670996,-0.006876451,0.128220801,0.404229984
0,0,1,0,1,0,0,0,0,1,1,1.313797416,2.637874055,1.77531115,1.625352013,-1.01961833
0,0,1,0,0,0,0,0,0,1,1,0.435782878,0.661123646,-0.006876451,-0.893956184,-0.218703653
0,0,0,1,0,1,0,0,1,0,1,0.435782878,-0.65670996,-1.195001519,-1.180337856,-1.01961833
0,0,0,0,0,0,0,1,1,0,1,-1.320246198,-0.65670996,-0.600938985,-0.424764316,-0.129713134
0,0,0,1,0,0,1,0,1,0,1,2.191811954,2.637874055,1.77531115,1.757810771,-1.01961833
1,0,0,0,0,0,0,1,1,0,1,-1.320246198,-0.65670996,-1.195001519,0.855989074,-0.396684692
1,0,0,0,0,0,1,0,0,0,0,-1.320246198,-0.65670996,1.77531115,0.402272535,-0.663656251
1,0,0,0,1,0,0,0,1,1,1,0.435782878,-0.65670996,1.181248617,1.119270985,2.184040377
0,0,0,0,0,0,0,1,1,0,1,-0.44223166,0.002206843,-0.600938985,-0.491044021,-0.752646771
0,0,1,0,0,0,1,0,1,1,1,0.435782878,1.320040449,1.181248617,1.25588166,-0.129713134
0,0,0,0,0,0,1,0,1,1,0,-0.44223166,-0.65670996,-1.195001519,0.581006303,-0.129713134
1,0,0,0,1,0,0,0,0,0,1,1.313797416,-0.65670996,-0.600938985,1.811659886,-0.574665732
0,0,0,0,0,0,0,1,0,1,1,-0.44223166,0.661123646,-0.006876451,0.188612332,-0.574665732
0,0,0,0,1,0,0,0,1,1,0,-0.44223166,-0.65670996,-1.195001519,1.188243146,-0.574665732
0,0,0,0,1,0,0,0,0,0,1,0.435782878,-0.65670996,-0.006876451,-0.698715398,1.739087779
0,0,0,0,1,0,0,0,1,1,1,0.435782878,-0.65670996,1.77531115,0.346032922,1.561106739
0,0,1,0,0,0,1,0,0,0,1,2.191811954,1.978957252,1.181248617,1.444076768,0.493220504
0,0,1,0,0,0,0,0,1,1,1,-1.320246198,1.320040449,0.587186083,-0.399676668,-1.197599369
0,0,1,0,1,0,0,0,1,0,1,1.313797416,2.637874055,1.77531115,1.984178359,-0.93062781
1,0,0,0,0,0,0,1,1,0,1,-1.320246198,0.002206843,-0.600938985,0.350386145,-0.841637291
0,0,0,0,0,0,1,0,0,0,0,0.435782878,-0.65670996,-1.195001519,0.839482055,-1.197599369
0,0,0,0,0,0,0,1,1,0,1,-0.44223166,0.002206843,-0.600938985,-0.433193967,-0.752646771
0,0,0,0,0,0,1,0,0,1,0,-0.44223166,-0.65670996,-1.195001519,0.196563883,-0.574665732
0,0,0,1,0,1,0,0,1,1,1,0.435782878,0.661123646,0.587186083,-1.562163309,-0.218703653
0,0,1,0,0,0,0,1,1,0,1,0.435782878,-0.65670996,-1.195001519,0.271222913,-1.375580408
1,0,0,0,0,0,0,0,0,0,1,-1.320246198,-0.65670996,-1.195001519,-0.165231712,-0.574665732
0,0,0,0,0,0,0,1,0,0,1,-0.44223166,0.002206843,-0.600938985,-0.585909051,-1.01961833
0,0,1,0,0,0,0,1,1,0,0,-0.44223166,-0.65670996,-1.195001519,-0.426123125,-0.485675212
0,1,0,0,0,1,0,0,0,0,0,-0.44223166,0.661123646,-0.006876451,-1.306782624,-0.307694173
0,0,0,0,0,0,0,1,0,1,0,0.435782878,1.320040449,0.587186083,1.100121837,-0.307694173
0,0,0,0,1,0,0,0,1,0,1,1.313797416,0.661123646,-0.006876451,2.185760256,-0.307694173
1,0,0,0,0,0,0,0,1,0,1,-1.320246198,-0.65670996,1.181248617,0.229376615,0.048267906
1,0,0,0,1,0,0,0,1,0,1,0.435782878,-0.65670996,0.587186083,1.11041356,2.006059338
0,0,0,0,0,0,1,0,0,0,0,0.435782878,1.978957252,1.181248617,0.056304553,-0.218703653
0,0,0,0,1,0,0,0,0,0,1,2.191811954,0.661123646,0.587186083,1.333031841,-0.307694173
0,1,0,0,0,1,0,0,1,0,0,0.435782878,-0.65670996,-0.006876451,-1.454515406,0.760192063
0,1,0,0,0,0,1,0,0,0,0,0.435782878,-0.65670996,-0.006876451,-0.358308469,0.582211023
0,0,0,0,0,0,0,1,1,0,1,-0.44223166,-0.65670996,-0.600938985,-0.362359734,-0.040722614
0,0,1,0,0,0,1,0,0,0,1,-0.44223166,0.002206843,-0.006876451,-0.299124769,1.205144661
0,0,1,0,0,0,0,1,1,1,0,0.435782878,-0.65670996,-1.195001519,0.21626662,-1.01961833
0,1,0,0,0,0,0,1,1,0,0,0.435782878,-0.65670996,1.181248617,-1.530432593,1.3831257
0,0,1,0,0,0,0,0,1,1,0,-0.44223166,-0.65670996,-1.195001519,-0.511250021,-1.553561448
0,0,0,0,0,0,0,0,0,0,1,-1.320246198,-0.65670996,-0.600938985,-0.755609252,-0.574665732
0,0,0,1,0,0,0,0,1,0,0,0.435782878,-0.65670996,0.587186083,-1.471676666,0.671201543
0,0,1,0,0,0,1,0,1,0,1,-0.44223166,0.002206843,-0.006876451,0.266643222,1.294135181
0,0,1,0,0,0,1,0,0,1,0,0.435782878,1.320040449,1.181248617,0.58571181,-0.129713134
0,0,1,0,0,1,0,0,0,1,1,-0.44223166,0.002206843,-0.600938985,-1.366872197,-0.574665732
0,0,0,0,0,0,0,1,0,1,1,0.435782878,1.320040449,0.587186083,0.368126157,-0.307694173
0,0,0,0,0,0,1,0,1,1,1,1.313797416,-0.65670996,-1.195001519,1.089830114,-0.93062781
1,0,0,0,1,0,0,0,1,0,1,-0.44223166,1.978957252,1.181248617,1.595055595,-0.663656251
0,0,0,1,0,0,0,0,1,1,0,0.435782878,-0.65670996,-1.195001519,-0.972943274,-1.553561448
0,0,1,0,0,0,1,0,0,0,1,1.313797416,1.978957252,1.181248617,1.536677115,0.582211023
0,0,0,0,0,0,1,0,0,0,1,-1.320246198,1.320040449,1.181248617,0.11329906,0.226248945
1,0,0,0,1,0,0,0,1,0,1,0.435782878,-0.65670996,-0.006876451,-0.287876846,2.273030897
0,0,1,0,0,0,1,0,1,0,0,0.435782878,0.002206843,-0.006876451,0.615731434,1.116154141
0,0,1,0,0,0,0,0,0,0,0,-0.44223166,-0.65670996,-0.006876451,-0.803872151,0.226248945
0,0,1,0,0,0,0,0,1,1,1,0.435782878,-0.65670996,-0.006876451,-0.538677841,1.561106739
0,1,0,0,0,0,1,0,0,1,1,1.313797416,1.320040449,1.181248617,0.617316711,0.137258425
0,0,1,0,0,0,0,0,1,1,1,0.435782878,1.978957252,1.181248617,-0.369908676,-1.464570928
0,0,0,0,0,0,0,1,0,1,0,1.313797416,1.320040449,0.587186083,-0.9991381,-0.307694173
0,0,0,0,0,0,1,0,0,0,1,-1.320246198,-0.65670996,-0.006876451,1.106764905,-0.752646771
0,0,1,0,0,0,1,0,0,0,1,0.435782878,-0.65670996,-1.195001519,-0.48862836,-1.10860885
0,0,0,0,0,0,0,1,0,0,1,1.313797416,1.320040449,0.587186083,0.45740497,-0.307694173
0,0,1,0,0,0,0,1,1,1,0,-0.44223166,-0.65670996,-0.600938985,0.052731388,0.404229984
1,0,0,0,0,0,0,0,0,0,1,-1.320246198,-0.65670996,0.587186083,-0.317921633,0.137258425
0,0,0,0,1,0,0,0,1,1,0,0.435782878,-0.65670996,-1.195001519,2.331530313,-0.307694173
0,0,0,0,0,0,0,0,1,0,1,-0.44223166,0.002206843,-0.600938985,-0.523781263,-0.396684692
0,0,0,1,0,0,0,0,0,0,1,0.435782878,0.002206843,-0.006876451,-1.469688778,0.404229984
1,0,0,0,0,0,1,0,1,0,1,-1.320246198,-0.65670996,1.181248617,0.770207937,-0.396684692
0,0,0,0,1,0,0,0,1,1,0,1.313797416,1.320040449,0.587186083,2.137673499,0.048267906
0,1,0,0,0,1,0,0,1,1,1,-0.44223166,1.320040449,0.587186083,-0.958323491,-0.485675212
0,0,0,0,1,0,0,0,0,0,1,-0.44223166,-0.65670996,-1.195001519,0.726726035,-0.574665732
0,0,0,0,1,0,0,0,0,0,1,0.435782878,-0.65670996,1.181248617,0.883391731,1.917068818
0,0,1,0,0,0,0,1,0,0,1,1.313797416,1.978957252,1.77531115,0.070546889,0.048267906
1,0,0,0,1,0,0,0,0,1,1,0.435782878,-0.65670996,0.587186083,-0.136973509,0.760192063
1,0,0,0,0,0,0,1,0,1,1,-1.320246198,-0.65670996,1.181248617,0.621896402,0.315239465
0,0,0,1,0,1,0,0,0,0,0,0.435782878,-0.65670996,-1.195001519,-1.451168708,-1.01961833
0,0,1,0,0,0,1,0,1,0,1,2.191811954,1.978957252,1.181248617,2.086265209,0.582211023
0,0,0,1,0,1,0,0,1,1,0,0.435782878,-0.65670996,-1.195001519,-1.551116692,-1.642551967
1,0,0,0,0,0,0,1,0,0,1,-1.320246198,-0.65670996,-0.600938985,-0.114955763,-1.01961833
0,1,0,0,0,0,0,1,0,0,1,0.435782878,-0.65670996,0.587186083,-0.533645213,0.849182582
0,0,0,0,0,0,1,0,0,0,1,-0.44223166,-0.65670996,-0.600938985,0.286723406,-0.040722614
0,1,0,0,1,0,0,0,0,0,0,1.313797416,2.637874055,1.77531115,0.290372061,-0.841637291
1,0,0,0,1,0,0,0,1,1,0,0.435782878,-0.65670996,0.587186083,1.016731198,2.095049857
0,0,1,0,0,0,0,1,0,0,1,-0.44223166,-0.65670996,-0.600938985,-0.164275513,0.226248945
0,0,0,0,1,0,0,0,1,1,0,-0.44223166,1.320040449,0.587186083,1.919559421,-0.040722614
1,0,0,0,0,0,1,0,1,0,1,-1.320246198,-0.65670996,1.181248617,0.901056254,-0.396684692
0,0,1,0,0,0,1,0,1,0,1,-0.44223166,0.661123646,1.181248617,0.498043438,0.938173102
0,0,0,1,0,1,0,0,0,1,0,-0.44223166,-0.65670996,-1.195001519,-1.4153364,-1.10860885
0,0,0,0,1,0,0,0,0,1,1,0.435782878,-0.65670996,1.77531115,0.725618857,1.739087779
0,0,1,0,0,0,1,0,0,1,0,0.435782878,-0.65670996,-1.195001519,0.229150147,-1.10860885
1,0,0,0,1,0,0,0,0,0,1,-0.44223166,-0.65670996,-1.195001519,1.651395861,-0.396684692
0,0,1,0,0,0,1,0,0,0,1,1.313797416,1.978957252,1.77531115,0.159498581,0.048267906
1,0,0,0,0,0,0,1,0,1,1,-1.320246198,-0.65670996,-0.600938985,0.370290187,-0.841637291
0,0,0,0,0,0,1,0,0,0,1,-0.44223166,1.320040449,1.181248617,0.144123904,0.226248945
0,0,0,1,0,0,0,0,1,1,1,0.435782878,-0.65670996,0.587186083,-0.979108243,0.671201543
0,0,1,0,0,0,0,1,1,0,0,-0.44223166,-0.65670996,-1.195001519,-0.426022473,-1.553561448
0,1,0,0,0,0,1,0,1,1,1,0.435782878,0.002206843,-0.006876451,0.38490997,0.849182582
0,0,0,1,0,0,0,0,0,1,1,0.435782878,-0.65670996,-1.195001519,-0.80354503,-1.375580408
0,0,1,0,0,0,0,1,0,1,0,0.435782878,-0.65670996,-1.195001519,-0.623779573,-1.642551967
0,1,0,0,0,0,0,1,0,1,0,0.435782878,-0.65670996,-0.006876451,0.254212632,0.582211023
0,0,1,0,0,0,1,0,1,1,1,-1.320246198,0.002206843,-0.006876451,0.516588671,0.404229984
0,0,1,0,0,0,0,1,1,0,1,1.313797416,1.978957252,1.77531115,0.216795046,0.048267906
0,1,0,0,0,0,1,0,0,0,1,1.313797416,1.320040449,1.181248617,0.547816125,0.137258425
0,0,1,0,0,0,1,0,1,1,1,-0.44223166,-0.65670996,0.587186083,1.118843212,0.493220504
0,0,0,1,0,0,0,0,0,0,0,0.435782878,-0.65670996,1.77531115,-1.184967873,1.561106739
0,0,1,0,0,0,0,1,1,1,0,0.435782878,-0.65670996,-1.195001519,0.588454592,-1.375580408
0,1,0,0,0,0,1,0,0,0,1,0.435782878,0.002206843,0.587186083,-0.422046697,0.849182582
0,0,0,1,0,0,0,0,1,1,0,0.435782878,-0.65670996,0.587186083,-0.784647513,0.671201543
1,0,0,0,0,0,0,1,1,0,0,-1.320246198,-0.65670996,-1.195001519,1.562393842,-0.396684692
0,1,0,0,0,1,0,0,1,1,1,-0.44223166,0.661123646,-0.006876451,-0.93690966,-0.307694173
1,0,0,0,1,0,0,0,1,0,1,1.313797416,1.320040449,0.587186083,2.413235022,2.184040377
0,1,0,0,0,0,0,1,0,1,0,0.435782878,-0.65670996,-1.195001519,-0.938696243,-1.375580408
0,1,0,0,0,1,0,0,1,0,1,-1.320246198,0.661123646,-0.006876451,-1.511660892,-0.663656251
0,1,0,0,0,0,0,1,1,0,1,1.313797416,1.978957252,1.181248617,-0.350910506,-0.574665732
0,0,1,0,0,0,1,0,0,1,0,0.435782878,-0.65670996,-1.195001519,-0.169685588,-1.01961833
0,0,1,0,0,0,1,0,0,0,1,0.435782878,-0.65670996,0.587186083,-0.116515878,0.493220504
0,1,0,0,1,0,0,0,0,0,1,2.191811954,2.637874055,1.77531115,1.439849361,1.116154141
0,0,1,0,0,0,1,0,1,0,0,0.435782878,2.637874055,1.77531115,2.206092071,0.760192063
0,0,1,0,0,0,0,1,1,0,1,-0.44223166,-0.65670996,-0.600938985,0.627130335,0.137258425
0,0,1,0,0,0,1,0,1,1,1,0.435782878,0.002206843,1.77531115,0.265913491,1.116154141
1,0,0,0,0,0,1,0,1,0,1,-1.320246198,-0.65670996,-0.006876451,0.587196435,-0.663656251
0,0,0,0,0,0,1,0,1,0,1,-1.320246198,-0.65670996,-1.195001519,1.252233005,-0.396684692
0,1,0,0,0,0,0,1,0,0,1,0.435782878,-0.65670996,-0.006876451,-0.930719529,0.404229984
1,0,0,0,1,0,0,0,1,0,1,1.313797416,1.320040449,0.587186083,1.352810067,1.828078298
0,0,1,0,0,0,0,1,0,1,0,0.435782878,-0.65670996,-1.195001519,-1.212898956,-1.642551967
0,1,0,0,0,0,1,0,0,1,1,-1.320246198,1.320040449,1.181248617,0.044301736,0.582211023
0,1,0,0,0,0,1,0,0,0,1,0.435782878,0.002206843,0.587186083,0.051724862,0.849182582
0,0,1,0,0,0,0,1,0,0,1,-0.44223166,-0.65670996,-0.600938985,-0.012214671,0.137258425
0,0,0,0,0,1,0,0,0,0,1,-1.320246198,-0.65670996,-0.600938985,-1.556904214,0.048267906
0,0,0,1,0,1,0,0,1,0,0,0.435782878,-0.65670996,-1.195001519,-1.656676055,-1.197599369
0,1,0,0,0,0,0,1,1,1,0,0.435782878,-0.65670996,-1.195001519,-1.051930364,-1.464570928
0,0,1,0,0,0,0,1,0,0,1,0.435782878,1.978957252,1.181248617,0.406223148,-0.574665732
0,0,0,1,0,0,0,0,1,0,0,0.435782878,-0.65670996,-1.195001519,-1.068110261,-1.553561448
0,0,1,0,0,0,0,0,1,1,1,-0.44223166,-0.65670996,-0.006876451,-0.548441139,0.226248945
0,0,0,0,0,0,0,1,1,0,1,-0.44223166,-0.65670996,-0.600938985,-0.17884497,0.760192063
0,0,0,0,1,0,0,0,1,0,1,1.313797416,0.002206843,1.181248617,2.389304878,0.315239465
0,0,0,1,0,0,0,0,0,1,0,0.435782878,-0.65670996,-1.195001519,-1.008549114,-1.553561448
1,0,0,0,0,0,1,0,1,1,0,-1.320246198,-0.65670996,0.587186083,0.478114233,-0.841637291
0,0,1,0,0,0,0,0,1,0,0,0.435782878,-0.65670996,-0.006876451,-0.823323256,2.628992975
0,0,0,0,0,0,1,0,1,1,0,1.313797416,-0.65670996,-1.195001519,0.878887529,-1.286589889
0,0,1,0,0,0,1,0,0,0,1,0.435782878,1.320040449,0.587186083,1.49140863,0.137258425
0,1,0,0,0,0,0,1,0,0,1,0.435782878,-0.65670996,1.77531115,-1.325151714,1.561106739
0,0,1,0,0,0,0,1,1,1,0,-0.44223166,-0.65670996,-1.195001519,-0.252547801,-1.286589889
0,0,0,0,0,0,0,1,0,1,0,-1.320246198,0.661123646,-0.006876451,-0.883010219,-0.663656251
0,1,0,0,0,0,0,1,1,0,1,0.435782878,0.661123646,1.181248617,-0.562029233,0.048267906
1,0,0,0,0,0,1,0,0,0,1,0.435782878,2.637874055,1.77531115,0.365433702,-0.663656251
0,0,0,0,1,0,0,0,0,0,1,-0.44223166,0.002206843,-0.006876451,0.096313942,1.294135181
0,0,0,0,1,0,0,0,0,0,1,1.313797416,1.320040449,0.587186083,1.996281828,0.048267906
0,1,0,0,0,0,1,0,1,1,0,-0.44223166,0.661123646,1.181248617,1.097228076,0.671201543
0,0,0,0,0,0,1,0,1,0,0,1.313797416,-0.65670996,-1.195001519,1.563677162,-0.93062781
0,0,0,1,0,0,0,0,0,1,0,0.435782878,-0.65670996,-1.195001519,-0.951403628,-1.375580408
1,0,0,0,0,0,0,0,1,0,1,-1.320246198,-0.65670996,1.77531115,0.132372719,-0.040722614
0,0,1,0,0,0,1,0,0,1,1,-0.44223166,1.320040449,1.181248617,0.126409055,0.760192063
0,1,0,0,0,0,0,1,1,0,1,0.435782878,-0.65670996,-0.006876451,0.105397835,0.493220504
1,0,0,0,1,0,0,0,1,0,1,0.435782878,-0.65670996,0.587186083,0.789382248,0.760192063
1,0,0,0,0,0,0,0,0,1,1,-1.320246198,-0.65670996,1.181248617,-0.455035571,-0.040722614
0,0,0,1,0,0,0,0,0,1,1,0.435782878,-0.65670996,0.587186083,-1.357662488,0.671201543
1,0,0,0,1,0,0,0,0,0,1,1.313797416,2.637874055,1.77531115,0.863638668,-0.396684692
0,1,0,0,0,0,0,1,1,0,1,0.435782878,-0.65670996,-0.006876451,-0.675741453,0.404229984
0,1,0,0,0,1,0,0,0,0,1,-1.320246198,0.002206843,-0.600938985,-1.443519115,-1.553561448
0,1,0,0,0,0,1,0,1,0,1,1.313797416,1.978957252,1.181248617,1.596389241,0.582211023
0,0,1,0,0,1,0,0,0,0,1,-1.320246198,-0.65670996,-0.600938985,-1.354567422,1.828078298
0,0,0,1,0,0,0,1,0,1,0,0.435782878,-0.65670996,-0.006876451,-0.539382409,0.671201543
0,0,0,0,0,0,1,0,0,0,1,2.191811954,2.637874055,1.77531115,0.101497549,-0.485675212
0,0,0,0,1,0,0,0,1,0,1,0.435782878,-0.65670996,-0.006876451,0.104265494,2.184040377
0,0,0,1,0,1,0,0,0,1,0,0.435782878,-0.65670996,-1.195001519,-1.532143686,-1.197599369
0,0,0,0,0,0,1,0,0,1,0,-1.320246198,-0.65670996,-1.195001519,-0.513212746,-0.396684692
0,0,0,0,0,0,0,1,0,1,0,-0.44223166,0.661123646,-0.006876451,-0.706063034,-0.485675212
0,0,0,0,0,1,0,0,1,0,0,-1.320246198,-0.65670996,-0.600938985,-1.537352456,0.048267906
0,0,1,0,0,0,0,1,0,0,1,-0.44223166,-0.65670996,-0.600938985,-0.057080546,0.048267906
0,0,1,0,0,0,0,0,0,1,1,0.435782878,0.661123646,-0.006876451,-0.992746663,-0.752646771
0,0,0,1,0,0,0,1,1,0,1,0.435782878,-0.65670996,-0.006876451,0.354210942,0.671201543
0,0,0,0,1,0,0,0,1,0,1,1.313797416,-0.65670996,1.77531115,0.749523837,1.3831257
0,0,0,0,0,0,1,0,1,0,1,-1.320246198,-0.65670996,-1.195001519,-0.374085756,-0.396684692
1,0,0,0,1,0,0,0,1,0,1,0.435782878,-0.65670996,0.587186083,1.03920188,0.760192063
0,0,0,0,1,0,0,0,0,0,1,2.191811954,1.320040449,0.587186083,1.530612799,1.917068818
0,0,0,1,0,0,0,1,0,0,1,0.435782878,0.661123646,1.77531115,-0.22391215,0.849182582
1,0,0,0,0,0,1,0,0,1,1,-1.320246198,-0.65670996,-0.600938985,0.381588436,-0.663656251
0,0,0,0,0,0,1,0,1,0,1,-1.320246198,-0.65670996,-1.195001519,-0.498995573,-0.396684692
1,0,0,0,1,0,0,0,0,0,1,0.435782878,-0.65670996,1.77531115,0.710999073,2.006059338
0,0,0,0,1,0,0,0,0,1,1,-0.44223166,1.978957252,1.181248617,0.847785891,-0.574665732
0,0,1,0,0,0,1,0,0,0,1,-0.44223166,0.002206843,-0.006876451,-0.211859007,1.294135181
0,1,0,0,0,0,0,1,1,0,1,0.435782878,-0.65670996,-0.006876451,0.129629937,0.404229984
0,0,1,0,0,1,0,0,0,1,1,-1.320246198,-0.65670996,-0.600938985,-1.467650564,0.404229984
0,0,1,0,0,0,0,1,1,1,1,0.435782878,-0.65670996,-0.006876451,0.78819958,0.582211023
0,0,0,0,0,0,1,0,1,0,1,-0.44223166,1.978957252,1.77531115,0.888072074,0.226248945
0,1,0,0,0,0,1,0,1,0,0,0.435782878,-0.65670996,-0.006876451,0.535083577,0.582211023
0,0,1,0,1,0,0,0,0,0,1,1.313797416,2.637874055,1.77531115,1.340631108,-0.93062781
0,0,0,0,0,0,1,0,1,1,1,0.435782878,0.661123646,1.181248617,0.372856827,-0.129713134
0,0,0,0,1,0,0,0,1,1,1,-0.44223166,-0.65670996,-0.006876451,-0.262009141,0.760192063
0,0,1,0,0,0,0,0,0,1,0,-0.44223166,1.320040449,0.587186083,-0.862930035,-1.553561448
0,0,1,0,0,0,0,1,1,0,1,-0.44223166,-0.65670996,-0.600938985,-0.218124628,0.048267906
0,1,0,0,0,1,0,0,1,1,0,0.435782878,0.002206843,-0.600938985,-1.564277013,-0.752646771
0,0,0,0,0,0,0,1,1,1,0,0.435782878,1.978957252,1.181248617,0.526779741,-0.218703653
0,0,1,0,0,0,0,1,0,1,0,-0.44223166,-0.65670996,-0.600938985,-0.318827506,0.048267906
0,0,1,0,0,0,0,1,0,1,0,-0.44223166,-0.65670996,-1.195001519,-0.004112141,-0.485675212
0,0,0,0,0,0,1,0,1,1,0,1.313797416,-0.65670996,-1.195001519,0.720863023,-1.286589889
0,0,0,0,0,0,0,1,0,0,1,-0.44223166,-0.65670996,-0.600938985,-0.687190681,0.760192063
0,1,0,0,0,0,1,0,0,0,0,0.435782878,0.002206843,1.77531115,-0.21877887,1.561106739
1,0,0,0,0,0,0,1,1,1,0,-1.320246198,-0.65670996,-1.195001519,0.997833682,-0.396684692
0,0,0,0,0,0,0,0,1,1,1,-0.44223166,0.002206843,-0.600938985,-0.454507145,-0.485675212
1,0,0,0,0,0,0,1,0,1,1,-1.320246198,-0.65670996,-1.195001519,-0.488980644,-1.01961833
0,0,1,0,0,0,0,1,1,1,0,0.435782878,-0.65670996,-1.195001519,0.364804623,-1.464570928
0,0,0,0,1,0,0,0,0,0,0,2.191811954,1.978957252,1.181248617,1.582675331,1.3831257
0,0,0,0,0,0,0,1,0,1,0,-1.320246198,0.661123646,-0.006876451,-0.015913652,-0.663656251
0,0,1,0,0,1,0,0,1,1,0,-0.44223166,-0.65670996,-1.195001519,-1.474947874,-1.642551967
0,1,0,0,0,0,1,0,0,0,1,0.435782878,-0.65670996,1.181248617,-0.311983132,1.294135181
0,0,1,0,0,0,1,0,0,0,1,0.435782878,0.002206843,-0.006876451,-0.075550289,0.938173102
0,0,1,0,0,0,1,0,0,1,0,1.313797416,1.978957252,1.181248617,1.654465764,0.493220504
0,1,0,0,0,1,0,0,1,1,1,-1.320246198,0.661123646,-0.006876451,-1.415386726,-0.307694173
1,0,0,0,0,0,0,1,1,0,1,-1.320246198,0.002206843,-0.600938985,-0.191954965,-0.752646771
0,0,1,0,0,0,0,0,1,1,1,-0.44223166,0.661123646,-0.006876451,-0.628283775,-0.752646771
1,0,0,0,1,0,0,0,0,0,1,0.435782878,-0.65670996,0.587186083,0.852516561,2.006059338
0,1,0,0,0,0,0,1,1,0,1,0.435782878,-0.65670996,-1.195001519,-0.723199131,-1.286589889
0,0,0,0,0,1,0,0,1,0,1,-1.320246198,-0.65670996,-0.600938985,-1.257009937,0.315239465
0,0,1,0,0,0,1,0,1,0,1,1.313797416,0.661123646,-0.006876451,0.834600407,-0.040722614
0,0,0,1,0,1,0,0,1,0,1,0.435782878,-0.65670996,-1.195001519,-1.143599675,-0.841637291
0,1,0,0,0,1,0,0,1,1,1,-0.44223166,1.320040449,0.587186083,-1.499356117,-0.485675212
0,0,0,0,0,0,0,1,1,0,1,-1.320246198,0.002206843,-0.600938985,0.528792792,-0.93062781
0,0,0,0,0,0,1,0,0,1,0,-0.44223166,-0.65670996,-1.195001519,-0.39544926,-0.218703653
0,0,1,0,0,0,0,0,1,0,0,0.435782878,-0.65670996,-0.006876451,-0.508507239,1.294135181
0,0,1,0,0,0,1,0,1,1,1,-1.320246198,0.002206843,-0.006876451,0.492809505,1.116154141
0,1,0,0,0,0,1,0,0,0,1,1.313797416,0.002206843,1.181248617,0.455064798,0.938173102
0,0,0,0,0,0,0,0,0,1,0,-1.320246198,-0.65670996,-0.600938985,-0.86826462,-0.663656251
0,0,1,0,0,1,0,0,1,1,1,-1.320246198,-0.65670996,-0.600938985,-1.585489538,0.404229984
1,0,0,0,0,0,1,0,0,1,0,-1.320246198,0.661123646,0.587186083,0.403933302,-0.129713134
0,0,0,0,0,0,0,0,0,0,0,-1.320246198,-0.65670996,-1.195001519,-0.562306027,-0.485675212
0,0,0,0,0,0,0,0,1,0,1,-1.320246198,-0.65670996,-0.600938985,-0.283800418,-0.574665732
0,0,0,1,0,0,0,0,1,1,0,0.435782878,-0.65670996,-1.195001519,-0.408785724,-1.553561448
1,0,0,0,1,0,0,0,0,1,0,2.191811954,1.320040449,0.587186083,1.228604819,1.561106739
0,0,1,0,0,0,1,0,1,1,1,-0.44223166,0.002206843,-0.006876451,0.437324786,1.294135181
1,0,0,0,0,0,1,0,0,0,1,1.313797416,2.637874055,1.77531115,0.369761761,0.226248945
0,0,0,0,0,0,0,1,0,0,1,-1.320246198,0.002206843,-0.600938985,-0.762629768,-1.197599369
0,0,0,1,0,1,0,0,0,1,1,0.435782878,0.661123646,0.587186083,-1.55302909,-0.129713134
1,0,0,0,1,0,0,0,0,0,1,0.435782878,-0.65670996,0.587186083,-0.524284526,2.184040377
0,0,0,0,1,0,0,0,1,0,1,1.313797416,1.978957252,1.181248617,1.286303894,0.760192063
0,0,1,0,0,0,1,0,0,0,0,2.191811954,1.320040449,0.587186083,1.387560361,0.137258425
0,1,0,0,0,0,0,1,0,0,1,0.435782878,-0.65670996,-0.006876451,0.075629843,0.582211023
0,0,0,1,0,0,0,1,1,1,0,0.435782878,-0.65670996,-0.006876451,0.907070243,0.493220504
0,0,0,0,1,0,0,0,1,1,0,2.191811954,1.978957252,1.181248617,1.249490223,0.760192063
0,0,1,0,0,0,0,1,1,0,0,0.435782878,-0.65670996,-1.195001519,0.215788521,-1.375580408
0,0,1,0,0,0,0,0,0,0,0,0.435782878,-0.65670996,-0.006876451,-0.81172305,2.006059338
0,1,0,0,0,0,0,1,1,1,0,0.435782878,-0.65670996,-1.195001519,-0.527882855,-1.197599369
0,0,0,0,1,0,0,0,0,0,1,-1.320246198,1.320040449,1.181248617,0.727204134,-0.129713134
0,0,1,0,0,0,0,1,1,1,0,-0.44223166,-0.65670996,-1.195001519,-0.797027777,-1.375580408
0,0,1,0,0,0,0,0,0,1,1,1.313797416,1.978957252,1.181248617,-0.896397009,-1.464570928
0,0,0,0,0,0,1,0,0,1,0,-0.44223166,0.661123646,-0.006876451,0.217348635,-0.574665732
0,0,0,1,0,0,0,1,0,1,0,0.435782878,-0.65670996,-0.006876451,-0.105519586,0.671201543
0,0,0,0,0,0,1,0,1,1,0,0.435782878,-0.65670996,-1.195001519,0.596003534,-0.129713134
0,0,0,0,1,0,0,0,1,1,0,1.313797416,0.661123646,-0.006876451,2.209237463,-0.307694173
0,0,1,0,0,0,1,0,0,0,1,0.435782878,0.002206843,1.181248617,-0.088282837,1.116154141
0,0,0,0,0,0,1,0,0,1,0,2.191811954,2.637874055,1.77531115,1.201202162,-0.396684692
1,0,0,0,0,0,0,0,0,1,0,-1.320246198,-0.65670996,-1.195001519,-0.366058715,-0.663656251
0,0,0,0,1,0,0,0,1,0,1,1.313797416,-0.65670996,-0.006876451,1.132934569,-0.574665732
0,0,1,0,0,0,0,0,1,1,0,-0.44223166,-0.65670996,-0.006876451,-0.805558081,0.315239465
0,0,1,0,0,0,1,0,1,0,1,-1.320246198,0.661123646,0.587186083,0.500006163,0.404229984
0,0,0,0,0,0,0,0,0,0,1,-1.320246198,-0.65670996,-1.195001519,-1.270975478,-1.464570928
0,0,0,1,0,0,1,0,1,0,0,2.191811954,1.978957252,1.181248617,2.047262345,0.493220504
0,0,1,0,0,0,1,0,0,1,1,-0.44223166,-0.65670996,-0.006876451,0.705287041,0.404229984
0,1,0,0,0,1,0,0,1,1,1,1.313797416,2.637874055,1.77531115,-1.196417101,-1.553561448
0,1,0,0,0,0,0,1,1,0,1,-0.44223166,-0.65670996,-1.195001519,-0.522497943,-1.197599369
0,0,1,0,0,0,1,0,1,0,1,0.435782878,0.002206843,-0.006876451,0.302802651,1.205144661
0,1,0,0,0,0,1,0,0,0,1,1.313797416,0.002206843,1.77531115,0.051171273,1.47211622
0,0,1,0,0,0,0,1,1,0,1,-0.44223166,-0.65670996,-1.195001519,-0.832054865,-1.10860885
0,0,0,1,0,1,0,0,1,1,0,0.435782878,-0.65670996,-1.195001519,-1.635765488,-1.642551967
0,1,0,0,0,1,0,0,0,1,1,-1.320246198,0.661123646,-0.006876451,-1.682745066,-0.752646771
0,0,0,1,0,1,0,0,0,1,0,0.435782878,-0.65670996,-1.195001519,-1.578947122,-0.841637291
0,0,1,0,0,0,0,1,1,1,1,0.435782878,-0.65670996,-1.195001519,0.20768599,-1.197599369
0,0,0,0,0,0,0,0,0,0,1,-1.320246198,-0.65670996,-0.600938985,-0.849996182,1.650097259
0,0,0,0,1,0,0,0,0,1,0,1.313797416,-0.65670996,-0.600938985,0.386243616,0.315239465
0,1,0,0,0,1,0,0,1,1,0,-0.44223166,0.002206843,-0.600938985,-1.586999327,0.226248945
1,0,0,0,0,0,0,0,1,0,1,-1.320246198,-0.65670996,1.181248617,0.013250424,-0.040722614
1,0,0,0,0,0,1,0,0,0,1,-1.320246198,-0.65670996,-0.600938985,0.013023956,-0.841637291
0,0,0,0,0,0,0,1,1,0,1,-0.44223166,0.002206843,-0.600938985,-0.527631224,-0.752646771
1,0,0,0,0,0,1,0,1,0,1,0.435782878,2.637874055,1.77531115,1.058074234,-0.663656251
0,0,0,0,0,0,0,0,1,0,1,-1.320246198,-0.65670996,-1.195001519,-0.523730937,0.226248945
0,0,0,0,1,0,0,0,1,1,0,2.191811954,0.661123646,-0.006876451,2.317740914,-0.040722614
0,0,1,0,0,0,1,0,1,0,1,0.435782878,1.978957252,1.181248617,1.980479377,0.404229984
0,0,0,1,0,1,0,0,0,0,0,0.435782878,-0.65670996,-1.195001519,-1.232148757,-1.286589889
0,0,1,0,0,0,0,0,1,1,0,-0.44223166,-0.65670996,-0.006876451,-0.847857316,0.226248945
0,0,1,0,0,1,0,0,0,0,1,-1.320246198,-0.65670996,-0.006876451,-1.586244432,1.650097259
0,0,0,0,0,0,1,0,0,1,0,-0.44223166,-0.65670996,-1.195001519,0.165688713,-0.218703653
0,0,0,0,0,0,0,1,0,0,1,-0.44223166,0.002206843,-0.600938985,-0.740209412,-0.752646771
1,0,0,0,1,0,0,0,1,1,1,2.191811954,1.320040449,0.587186083,2.434497873,2.184040377
0,0,0,0,0,0,0,1,1,0,0,0.435782878,0.661123646,1.181248617,0.144476188,-0.218703653
0,0,0,0,1,0,0,0,1,0,1,1.313797416,-0.65670996,1.77531115,0.348800867,1.294135181
0,0,0,0,0,0,0,0,0,1,0,-1.320246198,-0.65670996,-1.195001519,-1.248077023,-1.464570928
0,0,1,0,0,0,1,0,0,1,0,1.313797416,1.978957252,1.181248617,1.462345206,0.404229984
1,0,0,0,1,0,0,0,1,0,1,0.435782878,2.637874055,1.77531115,1.708717489,-0.485675212
0,0,0,0,0,0,1,0,1,0,1,-0.44223166,1.978957252,1.77531115,0.087330702,0.226248945
0,0,0,0,1,0,0,0,0,1,0,1.313797416,0.661123646,-0.006876451,1.593143197,-0.396684692
0,0,1,0,0,0,0,0,0,1,0,-0.44223166,-0.65670996,-1.195001519,-0.536086038,-1.10860885
0,0,0,0,0,0,1,0,0,0,1,1.313797416,2.637874055,1.77531115,0.106354034,-0.574665732
0,0,1,0,0,0,1,0,1,0,1,0.435782878,2.637874055,1.77531115,2.116435811,0.760192063
1,0,0,0,0,0,1,0,0,0,1,-1.320246198,-0.65670996,1.77531115,0.429146767,-0.396684692
0,0,0,1,0,0,0,1,1,0,0,0.435782878,-0.65670996,-0.006876451,0.196438068,0.671201543
0,1,0,0,0,0,0,1,0,0,1,0.435782878,-0.65670996,-1.195001519,-0.953894779,-1.286589889
0,1,0,0,0,0,0,1,0,1,1,0.435782878,-0.65670996,-1.195001519,-1.044230443,-1.286589889
0,1,0,0,0,0,1,0,0,0,1,1.313797416,0.002206843,1.181248617,0.622374502,0.938173102
0,0,1,0,0,0,1,0,1,0,0,1.313797416,1.978957252,1.181248617,2.412631107,0.404229984
0,1,0,0,0,0,1,0,1,0,0,0.435782878,-0.65670996,-1.195001519,-0.66617946,-1.10860885
0,1,0,0,0,0,0,0,1,0,1,-0.44223166,-0.65670996,-0.600938985,-0.741668874,0.671201543
0,0,1,0,0,1,0,0,1,0,0,-0.44223166,-0.65670996,-0.006876451,-1.358794829,0.849182582
0,1,0,0,0,0,0,1,0,0,1,0.435782878,0.002206843,-0.006876451,-0.964538786,1.561106739
0,1,0,0,0,0,1,0,0,1,0,1.313797416,-0.65670996,1.77531115,-1.014034678,1.3831257
0,0,0,0,1,0,0,0,1,0,1,2.191811954,1.978957252,1.181248617,2.421564021,1.47211622
0,0,1,0,0,1,0,0,1,1,0,-0.44223166,-0.65670996,0.587186083,-1.375327011,1.650097259
0,0,1,0,0,0,0,1,0,1,1,-0.44223166,-0.65670996,-0.600938985,-0.291072565,0.048267906
0,0,0,0,0,0,1,0,1,1,0,2.191811954,-0.65670996,-1.195001519,1.203718475,-0.752646771
0,0,0,0,0,0,0,1,0,0,1,-0.44223166,0.002206843,-0.600938985,-0.632964119,-0.752646771
0,0,0,0,0,0,1,0,0,1,0,-0.44223166,-0.65670996,-1.195001519,0.135895558,-0.574665732
1,0,0,0,1,0,0,0,1,1,0,-0.44223166,-0.65670996,-1.195001519,2.550273471,-0.485675212
1,0,0,0,0,0,0,1,1,0,1,-1.320246198,-0.65670996,-0.600938985,0.559038884,-0.841637291
0,0,1,0,0,0,0,0,1,1,1,-0.44223166,1.978957252,1.181248617,-0.519176409,-1.197599369
0,0,0,0,0,0,0,1,0,0,1,0.435782878,0.002206843,-0.600938985,-0.723199131,-0.307694173
0,0,0,0,0,0,1,0,0,1,1,0.435782878,0.661123646,1.181248617,0.402046067,-0.129713134
0,0,1,0,1,0,0,0,0,0,0,2.191811954,2.637874055,1.77531115,1.561060196,1.116154141
1,0,0,0,0,0,1,0,1,1,0,-0.44223166,-0.65670996,-1.195001519,0.922268779,-0.485675212
0,1,0,0,0,0,0,1,0,1,0,0.435782878,-0.65670996,-1.195001519,-0.882280488,-1.197599369
0,0,0,0,0,0,1,0,1,0,1,0.435782878,1.320040449,0.587186083,0.483750776,-0.218703653
0,1,0,0,0,0,0,1,0,1,1,0.435782878,-0.65670996,-0.006876451,0.473987478,0.582211023
0,0,1,0,0,0,1,0,1,0,1,-0.44223166,0.002206843,-0.006876451,0.345303191,1.205144661
0,0,0,0,0,0,0,1,1,0,1,-1.320246198,-0.65670996,-0.600938985,-0.552869851,-0.129713134
0,0,1,0,0,0,0,1,1,1,1,0.435782878,-0.65670996,-1.195001519,0.180887249,-1.553561448
0,0,0,0,0,0,1,0,1,1,1,-0.44223166,-0.65670996,-0.600938985,0.528163714,-0.040722614
0,0,1,0,0,0,0,0,1,0,1,-0.44223166,-0.65670996,-0.600938985,-0.491849242,0.404229984
0,0,1,0,0,1,0,0,1,0,1,-0.44223166,-0.65670996,-0.006876451,-1.702095519,0.671201543
1,0,0,0,0,0,1,0,1,1,1,-1.320246198,-0.65670996,-0.600938985,0.8688726,-0.841637291
0,0,0,1,0,1,0,0,1,1,0,0.435782878,-0.65670996,-1.195001519,-1.667546531,-1.01961833
0,0,0,0,0,0,1,0,0,0,1,2.191811954,2.637874055,1.77531115,0.725694346,-0.574665732
1,0,0,0,1,0,0,0,0,0,1,1.313797416,1.320040449,0.587186083,0.547992267,1.650097259
1,0,0,0,1,0,0,0,0,0,1,0.435782878,0.002206843,-0.600938985,1.880808188,0.315239465
0,0,0,0,0,0,0,0,1,1,0,-0.44223166,0.002206843,-0.600938985,-0.702615684,-0.485675212
0,0,0,0,1,0,0,0,0,1,1,0.435782878,-0.65670996,1.181248617,0.441426378,1.3831257
0,1,0,0,0,0,0,1,0,1,1,0.435782878,0.661123646,1.181248617,-1.00867493,0.137258425
0,0,0,0,1,0,0,0,0,0,1,1.313797416,-0.65670996,1.77531115,0.452951095,1.294135181
1,0,0,0,1,0,0,0,1,1,1,-0.44223166,-0.65670996,-0.600938985,2.481804573,-0.663656251
0,0,0,0,0,0,0,1,0,1,1,0.435782878,1.320040449,0.587186083,0.680551677,-0.307694173
0,1,0,0,0,0,1,0,0,1,1,0.435782878,0.002206843,0.587186083,0.02107616,0.849182582
0,0,0,1,0,1,0,0,1,1,1,0.435782878,-0.65670996,-1.195001519,-1.392916044,-1.01961833
0,0,1,0,0,0,1,0,0,0,1,-0.44223166,-0.65670996,-1.195001519,0.359394548,-0.129713134
0,0,1,0,1,0,0,0,0,1,1,1.313797416,2.637874055,1.77531115,1.514483228,-1.10860885
0,0,0,0,0,0,1,0,1,1,0,-0.44223166,-0.65670996,-1.195001519,-0.447109182,-0.218703653
0,0,1,0,0,0,0,1,1,0,1,0.435782878,-0.65670996,0.587186083,-0.362158429,0.760192063
0,0,0,0,0,0,1,0,0,0,1,0.435782878,0.661123646,1.181248617,0.50680021,-0.129713134
0,0,0,1,0,0,0,0,1,1,0,0.435782878,-0.65670996,-1.195001519,-0.425972147,-1.553561448
0,1,0,0,0,1,0,0,0,0,1,0.435782878,0.661123646,-0.006876451,-1.365110777,-0.307694173
0,0,0,0,0,0,0,0,0,1,0,-1.320246198,-0.65670996,-1.195001519,-0.292280395,-0.663656251
0,1,0,0,0,0,1,0,0,0,1,0.435782878,-0.65670996,-0.006876451,0.104995225,0.404229984
0,0,0,0,0,0,0,0,0,0,1,-1.320246198,-0.65670996,-1.195001519,-0.81260376,-0.485675212
1,0,0,0,0,0,0,1,0,0,1,-1.320246198,0.002206843,-0.600938985,0.358539002,-0.841637291
0,0,1,0,0,0,1,0,1,1,1,1.313797416,2.637874055,1.77531115,1.037465624,-0.307694173
1,0,0,0,0,0,0,0,0,0,1,-1.320246198,-0.65670996,-0.600938985,-0.684145941,1.650097259
1,0,0,0,0,0,0,1,1,0,0,-1.320246198,0.002206843,-0.600938985,0.205270329,-0.93062781
0,0,1,0,0,1,0,0,1,1,0,-1.320246198,0.002206843,-0.600938985,-1.413147207,-0.574665732
0,0,0,0,0,0,1,0,0,0,1,-0.44223166,1.320040449,1.181248617,0.071930862,0.226248945
0,0,0,0,0,0,1,0,0,1,0,-0.44223166,-0.65670996,-0.600938985,0.070521726,-0.040722614
0,0,1,0,0,0,0,1,1,1,0,0.435782878,-0.65670996,-1.195001519,0.378568859,-1.197599369
1,0,0,0,0,0,0,0,0,0,1,-1.320246198,-0.65670996,-0.600938985,-0.713838444,0.048267906
0,0,1,0,0,0,0,0,0,1,1,-0.44223166,-0.65670996,-0.006876451,-0.742927031,0.315239465
0,1,0,0,1,0,0,0,1,1,1,2.191811954,2.637874055,1.77531115,1.703886166,-1.01961833
0,0,0,0,0,0,0,1,1,1,1,-0.44223166,0.661123646,-0.006876451,0.217776409,-0.574665732
0,0,1,0,0,0,1,0,0,1,0,-0.44223166,1.320040449,1.181248617,0.50287476,0.048267906
0,0,0,1,0,1,0,0,0,1,1,0.435782878,-0.65670996,-1.195001519,-1.534332879,-0.841637291
1,0,0,0,1,0,0,0,1,0,1,0.435782878,-0.65670996,1.181248617,1.759672843,2.362021416
0,0,0,0,0,0,1,0,0,1,0,-0.44223166,-0.65670996,-1.195001519,0.034613928,-0.129713134
0,1,0,0,0,0,1,0,1,1,1,0.435782878,0.002206843,-0.006876451,-0.123687372,1.294135181
0,0,0,0,1,0,0,0,1,0,1,1.313797416,0.661123646,-0.006876451,2.379164133,-0.307694173
0,0,1,0,0,1,0,0,0,1,0,-0.44223166,0.002206843,-0.600938985,-1.094506393,-0.485675212
0,0,0,0,0,0,0,1,1,0,1,-0.44223166,0.002206843,-0.600938985,-0.27972399,-1.01961833
0,1,0,0,0,0,0,1,1,1,1,0.435782878,-0.65670996,-0.006876451,1.097404218,0.582211023
1,0,0,0,0,0,0,1,1,0,0,-1.320246198,-0.65670996,1.77531115,1.610883209,0.315239465
0,0,0,0,1,0,0,0,0,0,0,-0.44223166,-0.65670996,-1.195001519,0.87657252,-0.574665732
0,0,1,0,0,0,0,0,1,0,0,-1.320246198,1.978957252,1.181248617,-0.531279879,-1.197599369
0,1,0,0,0,0,0,1,1,0,1,0.435782878,-0.65670996,-1.195001519,-0.75759714,-1.642551967
0,0,1,0,0,0,0,1,0,1,0,-0.44223166,-0.65670996,-0.600938985,0.001650218,0.048267906
0,0,0,0,0,0,0,1,1,0,1,-1.320246198,-0.65670996,-0.600938985,-0.3851827,-0.218703653
0,0,1,0,0,0,1,0,1,1,0,-0.44223166,-0.65670996,-1.195001519,1.220049352,-0.129713134
0,0,1,0,0,1,0,0,0,0,0,-0.44223166,-0.65670996,-1.195001519,-1.482547141,-1.642551967
0,1,0,0,0,1,0,0,1,0,1,0.435782878,-0.65670996,1.181248617,-1.518203308,0.938173102
0,1,0,0,0,0,0,1,1,0,1,0.435782878,-0.65670996,0.587186083,-0.485860415,0.938173102
1,0,0,0,1,0,0,0,0,0,1,0.435782878,-0.65670996,-0.006876451,0.688830349,2.273030897
0,0,1,0,0,0,1,0,1,0,0,0.435782878,1.978957252,1.181248617,2.377503366,0.404229984
0,0,0,0,1,0,0,0,1,0,1,1.313797416,0.661123646,-0.006876451,1.872101743,-0.307694173
0,0,1,0,0,0,1,0,1,1,1,2.191811954,0.002206843,1.181248617,1.099920532,-0.307694173
0,0,0,0,0,0,0,1,0,1,0,-1.320246198,0.661123646,-0.006876451,-0.928228378,-0.663656251
1,0,0,0,0,0,1,0,1,0,1,-1.320246198,-0.65670996,-0.600938985,0.98555407,-0.841637291
0,0,0,0,0,0,0,1,1,0,0,1.313797416,1.320040449,0.587186083,-0.736082657,-0.307694173
0,1,0,0,0,0,0,1,0,0,1,0.435782878,-0.65670996,-1.195001519,-0.788019374,-1.286589889
0,0,1,0,0,0,0,1,1,0,0,-0.44223166,-0.65670996,-0.600938985,0.22019207,0.137258425
1,0,0,0,0,0,0,0,0,0,1,-1.320246198,-0.65670996,1.181248617,-0.406319736,0.048267906
0,0,1,0,0,0,1,0,1,0,1,-0.44223166,0.661123646,0.587186083,0.733494919,0.582211023
0,0,0,1,0,0,0,0,1,1,0,0.435782878,-0.65670996,0.587186083,-0.903669155,0.671201543
0,0,0,0,1,0,0,0,1,1,1,0.435782878,-0.65670996,1.77531115,1.040434874,1.650097259
0,0,0,0,0,0,0,1,0,0,1,-0.44223166,0.002206843,-0.600938985,-0.393461373,-0.752646771
0,0,1,0,0,0,0,0,1,1,1,-1.320246198,0.661123646,-0.006876451,-0.907720421,-0.129713134
0,1,0,0,0,0,0,1,1,0,1,0.435782878,-0.65670996,-1.195001519,-0.54227617,-1.553561448
0,0,1,0,0,0,1,0,1,1,1,0.435782878,0.002206843,-0.006876451,0.327059916,1.027163622
1,0,0,0,1,0,0,0,1,0,1,0.435782878,2.637874055,1.77531115,1.688888936,-0.752646771
0,1,0,0,1,0,0,0,1,0,1,1.313797416,0.002206843,1.181248617,1.5424898,1.027163622
0,0,1,0,0,0,0,1,1,1,1,-0.44223166,-0.65670996,-1.195001519,-0.666733049,-1.10860885
0,0,0,0,1,0,0,0,1,0,1,0.435782878,-0.65670996,-0.006876451,-0.007333022,1.917068818
0,0,0,1,0,0,0,0,0,1,0,0.435782878,-0.65670996,0.587186083,-1.223719106,0.582211023
0,0,0,0,0,0,1,0,0,0,0,2.191811954,-0.65670996,-1.195001519,0.577030528,-0.841637291
0,0,0,0,0,1,0,0,1,0,1,-1.320246198,-0.65670996,-0.600938985,-1.269717322,0.048267906
0,0,0,0,1,0,0,0,0,0,1,0.435782878,-0.65670996,-0.600938985,0.668322392,-0.485675212
0,1,0,0,0,0,0,1,0,0,0,0.435782878,-0.65670996,-1.195001519,-0.764718308,-1.464570928
1,0,0,0,0,0,0,0,0,0,1,-1.320246198,-0.65670996,1.181248617,-0.184934449,0.048267906
0,0,0,1,0,1,0,0,1,1,0,0.435782878,-0.65670996,-1.195001519,-1.324497473,-0.93062781
0,1,0,0,0,1,0,0,1,1,0,-0.44223166,-0.65670996,-1.195001519,-1.360430433,-1.197599369
0,0,0,0,0,1,0,0,1,1,1,-1.320246198,-0.65670996,-0.600938985,-1.173166362,-0.040722614
0,0,1,0,0,0,0,0,0,1,1,-0.44223166,-0.65670996,-1.195001519,-0.809005431,-1.375580408
0,0,1,0,0,0,1,0,1,0,0,0.435782878,0.661123646,1.181248617,0.103208642,0.938173102
0,0,1,0,0,0,1,0,1,0,1,0.435782878,0.002206843,-0.006876451,0.460097426,0.938173102
0,0,1,0,0,0,1,0,1,0,1,-1.320246198,1.320040449,1.181248617,0.542179582,0.493220504
0,0,1,0,0,0,0,0,1,1,0,-0.44223166,1.978957252,1.181248617,-0.653497239,-1.464570928
0,0,0,1,0,0,0,0,1,0,1,0.435782878,0.002206843,-0.006876451,-1.097651785,0.404229984
0,0,0,0,0,0,1,0,0,1,0,0.435782878,0.661123646,1.181248617,0.305495107,-0.129713134
0,0,0,0,1,0,0,0,0,1,1,2.191811954,0.661123646,1.181248617,1.262549892,-0.129713134
0,1,0,0,0,0,0,1,1,0,1,0.435782878,-0.65670996,-0.006876451,-0.425796005,0.404229984
1,0,0,0,1,0,0,0,0,0,1,0.435782878,1.320040449,0.587186083,1.780155637,2.184040377
0,0,1,0,0,0,0,1,0,0,1,-0.44223166,-0.65670996,-0.600938985,0.104693267,-0.040722614
0,0,0,0,1,0,0,0,0,1,1,1.313797416,2.637874055,1.77531115,1.449361027,0.760192063
1,0,0,0,0,0,1,0,1,0,1,-1.320246198,-0.65670996,-0.006876451,1.565212114,-0.752646771
1,0,0,0,1,0,0,0,1,0,1,2.191811954,0.661123646,-0.006876451,2.684065875,2.540002455
0,0,0,0,0,1,0,0,0,0,1,-1.320246198,-0.65670996,-0.600938985,-1.452250723,0.048267906
0,0,1,0,0,0,1,0,1,1,1,0.435782878,-0.65670996,-1.195001519,0.58571181,-1.10860885
1,0,0,0,0,0,0,1,0,0,1,-1.320246198,-0.65670996,-0.600938985,-0.533519398,-0.841637291
0,0,0,1,0,1,0,0,1,0,1,-1.320246198,1.978957252,1.181248617,-1.602097209,-0.396684692
0,0,0,0,0,0,0,0,1,1,1,-1.320246198,-0.65670996,-1.195001519,-1.192894262,-1.553561448
1,0,0,0,0,0,0,1,0,1,1,-1.320246198,-0.65670996,-1.195001519,0.06533812,-0.396684692
0,1,0,0,0,1,0,0,1,1,0,0.435782878,-0.65670996,1.181248617,-1.423011157,2.895964534
0,0,0,0,0,0,0,1,1,1,1,-0.44223166,1.320040449,0.587186083,1.201101509,-0.307694173
1,0,0,0,0,0,1,0,1,0,1,-1.320246198,-0.65670996,0.587186083,0.841872553,-0.841637291
1,0,0,0,0,0,0,1,0,0,1,-1.320246198,-0.65670996,-0.600938985,0.221626369,-0.93062781
0,0,0,0,1,0,0,0,1,0,1,1.313797416,-0.65670996,1.77531115,0.222809036,1.294135181
0,0,0,1,0,0,0,1,0,0,1,0.435782878,0.002206843,-0.006876451,-0.955782014,1.027163622
1,0,0,0,0,0,1,0,1,1,1,-1.320246198,-0.65670996,-0.600938985,1.046725658,-0.663656251
0,0,1,0,0,0,0,1,1,1,1,-0.44223166,-0.65670996,-1.195001519,-0.399928299,-1.10860885
0,0,1,0,0,0,0,1,0,0,1,-0.44223166,-0.65670996,-0.600938985,-0.244470433,-0.040722614
0,0,1,0,0,0,1,0,1,0,1,0.435782878,0.002206843,-0.006876451,0.612762183,1.205144661
1,0,0,0,1,0,0,0,1,0,1,0.435782878,-0.65670996,1.181248617,1.543144042,2.095049857
0,0,1,0,0,0,0,0,0,1,0,-0.44223166,-0.65670996,-1.195001519,-1.046042189,-1.375580408
0,0,1,0,0,0,1,0,1,1,1,-0.44223166,0.661123646,0.587186083,0.983415204,0.671201543
0,0,0,1,0,1,0,0,0,0,0,0.435782878,-0.65670996,-1.195001519,-1.378472403,-1.642551967
0,0,0,0,0,0,1,0,0,1,1,2.191811954,2.637874055,1.77531115,0.505793684,-0.307694173
0,0,0,0,0,0,1,0,0,1,1,-0.44223166,1.320040449,0.587186083,0.265963818,-0.307694173
0,0,0,1,0,0,0,1,0,0,1,1.313797416,0.002206843,-0.006876451,-0.769876751,0.938173102
0,0,1,0,0,0,1,0,1,1,0,0.435782878,0.002206843,-0.006876451,0.652167657,1.027163622
1,0,0,0,0,0,0,1,0,1,1,-1.320246198,-0.65670996,1.181248617,1.029237278,0.315239465
0,0,1,0,0,0,1,0,0,0,1,-0.44223166,0.002206843,-0.006876451,-0.055168147,0.938173102
0,0,0,0,0,0,1,0,0,1,0,1.313797416,-0.65670996,-1.195001519,0.283074751,-1.10860885
1,0,0,0,0,0,1,0,1,0,1,-1.320246198,-0.65670996,1.77531115,1.116679182,-0.663656251
0,1,0,0,0,0,1,0,1,1,1,0.435782878,0.002206843,0.587186083,1.27047628,0.671201543
0,0,1,0,0,0,0,0,0,0,1,-0.44223166,-0.65670996,-0.600938985,-0.346305652,0.493220504
0,0,1,0,0,1,0,0,1,1,0,-0.44223166,-0.65670996,-1.195001519,-1.485541555,-0.663656251
0,0,1,0,0,0,0,1,1,1,1,0.435782878,-0.65670996,-1.195001519,-0.69793534,-1.197599369
0,0,0,0,0,0,0,0,1,1,0,-1.320246198,-0.65670996,-0.600938985,-0.326930036,1.828078298
1,0,0,0,1,0,0,0,1,0,0,2.191811954,1.978957252,1.181248617,2.519901563,1.47211622
0,0,0,0,1,0,0,0,1,1,0,2.191811954,1.978957252,1.181248617,2.235080006,1.3831257
0,0,1,0,0,0,0,1,1,0,1,1.313797416,1.978957252,1.77531115,0.56422249,0.137258425
0,0,0,0,1,0,0,0,1,0,1,-1.320246198,1.320040449,1.77531115,2.343910577,-0.129713134
0,0,1,0,0,0,0,1,1,0,1,-0.44223166,-0.65670996,-0.600938985,0.282697304,0.048267906
0,1,0,0,1,0,0,0,0,0,1,2.191811954,2.637874055,1.77531115,0.934321922,-0.752646771
1,0,0,0,0,0,0,0,1,1,1,-1.320246198,-0.65670996,-1.195001519,0.307181037,-0.663656251
0,0,1,0,0,0,0,0,1,0,1,-0.44223166,-0.65670996,-0.600938985,-0.620483202,0.671201543
0,0,1,0,0,1,0,0,0,1,0,-0.44223166,-0.65670996,0.587186083,-1.628543667,1.650097259
0,0,1,0,1,0,0,0,1,0,1,1.313797416,2.637874055,1.77531115,1.981636882,1.116154141
1,0,0,0,0,0,1,0,0,0,1,-1.320246198,-0.65670996,-1.195001519,0.073717445,-0.307694173
0,0,0,0,1,0,0,0,1,0,1,-1.320246198,0.002206843,-0.006876451,0.229099821,1.205144661
0,0,0,0,1,0,0,0,0,0,0,2.191811954,1.320040449,0.587186083,1.388717865,0.315239465
0,0,1,0,0,0,0,0,0,1,1,0.435782878,1.320040449,0.587186083,-0.813912243,-1.464570928
0,0,0,0,0,0,1,0,0,1,1,2.191811954,2.637874055,1.77531115,0.118382014,-0.485675212
0,0,0,0,1,0,0,0,1,0,1,2.191811954,1.978957252,1.181248617,2.47095926,1.561106739
0,0,1,0,0,0,1,0,0,0,1,0.435782878,0.661123646,1.181248617,0.680853634,0.760192063
1,0,0,0,0,0,1,0,0,0,0,-1.320246198,-0.65670996,-0.006876451,0.71963003,-0.663656251
1,0,0,0,0,0,0,1,0,1,0,-1.320246198,-0.65670996,-1.195001519,0.474415251,-0.663656251
0,0,1,0,1,0,0,0,0,1,0,2.191811954,1.978957252,1.181248617,0.818596651,1.027163622
0,0,0,0,1,0,0,0,0,1,0,2.191811954,1.320040449,0.587186083,1.506431024,2.184040377
0,0,1,0,0,0,1,0,0,0,1,-0.44223166,-0.65670996,-0.006876451,0.584654958,0.404229984
0,1,0,0,0,0,0,1,0,1,0,0.435782878,-0.65670996,1.181248617,-1.487705585,1.294135181
